<?xml version="1.0"?>
<!DOCTYPE html>
<odoo>
    <data noupdate="1">
     
        <record id="seq_part_no" model="ir.sequence">
            <field name="name">Part Number</field>
            <field name="code">part.number</field>
            <field name="prefix"></field>
            <field name="number_next">1</field>
            <field name="padding">6</field>
            <field name="company_id" eval="False"/>
        </record>
        
        <record id='com_type_mech' model="commodity.type">
            <field name="name">MECH</field>
            <field name="description"></field>
        </record>
        
        <record id='com_type_reg' model="commodity.type">
            <field name="name">REG</field>
            <field name="description"></field>
        </record>
        
    </data>
</odoo>